File,Delta_in,Time_Start,Time_End,Avg_eA,Avg_eB,Avg_eC
Session #6.csv,0.1,1200,1400,99.40796019900498,145.0547263681592,8.194029850746269
Session #6.csv,0.2,1700,1900,207.24875621890547,300.8557213930348,16.81094527363184
Session #6.csv,0.3,2100,2200,314.1980198019802,455.8910891089109,25.04950495049505
Session #6.csv,0.4,2500,2700,418.7860696517413,610.0746268656717,34.21890547263681
Session #6.csv,0.5,2900,3100,524.2935323383084,765.905472636816,43.36318407960199
Session #6.csv,0.6,3400,3500,630.7920792079208,921.6237623762377,52.07920792079208
