Displacement_mm,Force_N,SG_Adapter_A_pct,SG_Adapter_B_pct
-0.15601,-298.07,-0.0113,-0.0049
-0.08942,-150.96,-0.0054,-0.0029
-0.21999,-450.61,-0.0187,-0.0058
-0.33201,-696.15,-0.0406,0.0032
-0.28397,-602.91,-0.0291,-0.0034
-0.35997,-751.95,-0.0494,0.0092
-0.27205,-554.3,-0.0262,-0.0037
-0.21206,-397.92,-0.0165,-0.0049
-0.14799,-246.68,-0.0095,-0.004
-0.072,-97.245,-0.0035,-0.0018
