Displacement_mm,Force_N,SG_Adapter_A_pct,SG_Adapter_B_pct
-0.23191,-498.01,-0.0173,-0.0100
-0.37992,-948.65,-0.0415,-0.0099
-0.28401,-646.05,-0.0234,-0.0118
-0.33200,-802.80,-0.0313,-0.0124
-0.40286,-1002.30,-0.0486,-0.0056
-0.35581,-848.40,-0.0361,-0.0098
-0.31225,-700.18,-0.0275,-0.0105
-0.26751,-554.40,-0.0207,-0.0097
-0.21572,-401.00,-0.0143,-0.0076
